[
  {
    "_id": "6885dc0b7a966e50787d52c8",
    "id": "inb-1753603083313",
    "merchantId": "merchant-1748053992096",
    "type": "inbound",
    "status": "completed",
    "date": "2025-07-27",
    "items": [
      {
        "productId": "1748054128339",
        "quantity": 32,
        "_id": "6885dc0b7a966e50787d52c9"
      }
    ],
    "pickupLocation": {
      "buildingNumber": "189",
      "location": "karrippassery",
      "pincode": "090890",
      "phone": "0920829082"
    },
    "deliveryLocation": null,
    "fee": 130,
    "__v": 0,
    "receivedDate": "2025-07-27"
  },
  {
    "_id": "6885de447a966e50787d532c",
    "id": "inb-1753603652151",
    "merchantId": "merchant-1748053992096",
    "type": "inbound",
    "status": "completed",
    "date": "2025-07-27",
    "items": [
      {
        "productId": "1748054128339",
        "quantity": 4,
        "_id": "6885de447a966e50787d532d"
      }
    ],
    "pickupLocation": {
      "buildingNumber": "189",
      "location": "karrippassery",
      "pincode": "090890",
      "phone": "0920829082"
    },
    "deliveryLocation": null,
    "fee": 20,
    "__v": 0,
    "receivedDate": "2025-07-27"
  },
  {
    "_id": "6885df1ba0c2955f6f4396aa",
    "id": "inb-1753603867316",
    "merchantId": "merchant-1748053992096",
    "type": "inbound",
    "status": "completed",
    "date": "2025-07-27",
    "items": [
      {
        "productId": "1748054128339",
        "quantity": 12,
        "_id": "6885df1ba0c2955f6f4396ab"
      }
    ],
    "pickupLocation": {
      "buildingNumber": "189",
      "location": "karrippassery",
      "pincode": "090890",
      "phone": "0920829082"
    },
    "deliveryLocation": null,
    "fee": 50,
    "__v": 0,
    "receivedDate": "2025-07-27"
  },
  {
    "_id": "6885e13fa0c2955f6f439718",
    "id": "inb-1753604415670",
    "merchantId": "merchant-1748053992096",
    "type": "inbound",
    "status": "completed",
    "date": "2025-07-27",
    "items": [
      {
        "productId": "1748054128339",
        "quantity": 14,
        "_id": "6885e13fa0c2955f6f439719"
      }
    ],
    "pickupLocation": {
      "buildingNumber": "189",
      "location": "karrippassery",
      "pincode": "090890",
      "phone": "0920829082"
    },
    "deliveryLocation": null,
    "fee": 60,
    "__v": 0,
    "receivedDate": "2025-07-27"
  },
  {
    "_id": "6885e262b0c750c923e63ac1",
    "id": "inb-1753604706487",
    "merchantId": "merchant-1748053992096",
    "type": "inbound",
    "status": "completed",
    "date": "2025-07-27",
    "items": [
      {
        "productId": "1748054128339",
        "quantity": 15,
        "_id": "6885e262b0c750c923e63ac2"
      }
    ],
    "pickupLocation": {
      "buildingNumber": "189",
      "location": "karrippassery",
      "pincode": "090890",
      "phone": "0920829082"
    },
    "deliveryLocation": null,
    "fee": 60,
    "__v": 0,
    "receivedDate": "2025-07-27"
  },
  {
    "_id": "6885e61db0c750c923e63b43",
    "id": "inb-1753605661249",
    "merchantId": "merchant-1748053992096",
    "type": "outbound",
    "status": "completed",
    "date": "2025-07-27",
    "items": [
      {
        "productId": "1748054128339",
        "quantity": 18,
        "_id": "6885e61db0c750c923e63b44"
      }
    ],
    "pickupLocation": null,
    "deliveryLocation": {
      "buildingNumber": "189",
      "location": "karrippassery",
      "pincode": "090890",
      "phone": "0920829082"
    },
    "fee": 75,
    "__v": 0,
    "receivedDate": "2025-07-27"
  },
  {
    "_id": "6929272bd58b5da32031ec30",
    "id": "inb-1764304683180",
    "merchantId": "merchant-1764304516917",
    "type": "inbound",
    "status": "completed",
    "date": "2025-11-28",
    "items": [
      {
        "productId": "1764304639551",
        "quantity": 1000,
        "_id": "6929272bd58b5da32031ec31"
      }
    ],
    "pickupLocation": {
      "buildingNumber": "47b",
      "location": "jhkj",
      "pincode": "877698",
      "phone": "686768767887"
    },
    "deliveryLocation": null,
    "fee": 11860,
    "__v": 0,
    "receivedDate": "2025-11-28"
  },
  {
    "_id": "692bf7d3ca53388819dcb6d5",
    "id": "inb-1764489171934",
    "merchantId": "merchant-1764304516917",
    "type": "inbound",
    "status": "completed",
    "date": "2025-11-30",
    "items": [
      {
        "productId": "1764489049792",
        "quantity": 1000,
        "_id": "692bf7d3ca53388819dcb6d6"
      }
    ],
    "pickupLocation": {
      "buildingNumber": "47b",
      "location": "jhkj",
      "pincode": "877698",
      "phone": "686768767887"
    },
    "deliveryLocation": null,
    "fee": 10000,
    "__v": 0,
    "receivedDate": "2025-11-30"
  }
]