[
  {
    "_id": "6830812d9ea983dfcd41a266",
    "id": "inv-1748054243063",
    "productId": "1748054128339",
    "merchantId": "merchant-1748053992096",
    "quantity": 1354,
    "location": "Default Warehouse",
    "minStockLevel": 50,
    "maxStockLevel": 10000,
    "__v": 0
  },
  {
    "_id": "683080bb9ea983dfcd41a23e",
    "id": "1748054128339",
    "merchantId": "merchant-1748053992096",
    "quantity": null,
    "__v": 0
  },
  {
    "_id": "69292762e210957597591295",
    "id": "inv-1764304744196",
    "productId": "1764304639551",
    "merchantId": "merchant-1764304516917",
    "quantity": 995,
    "location": "Default Warehouse",
    "minStockLevel": 0,
    "maxStockLevel": 0,
    "__v": 0
  },
  {
    "_id": "692bf7e1ca53388819dcb6f9",
    "id": "inv-1764489185275",
    "productId": "1764489049792",
    "merchantId": "merchant-1764304516917",
    "quantity": 1000,
    "location": "Default Warehouse",
    "minStockLevel": 0,
    "maxStockLevel": 0,
    "__v": 0
  }
]