[
  {
    "_id": "692be279cf30498698896170",
    "orderId": "692bde866caccfcc6288d653",
    "__v": 0,
    "boxCutting": false,
    "boxFee": 0,
    "items": [
      {
        "productId": "1748054128339",
        "name": "achar",
        "quantity": 1,
        "warehousingPerItem": 0.8,
        "transportationPerItem": 1,
        "itemPackingPerItem": 5,
        "estimatedTotalPerItem": 6.8,
        "lineTotal": 6.8
      }
    ],
    "merchantId": "merchant-1748053992096",
    "totalPackingFee": 9.8,
    "totalWeightKg": 0.4,
    "trackingFee": 3,
    "updatedAt": "2025-11-30T06:21:51.778Z"
  },
  {
    "_id": "692be3accf30498698896172",
    "orderId": "ord-1764482693826",
    "__v": 0,
    "boxCutting": false,
    "boxFee": 0,
    "items": [
      {
        "productId": "1748054128339",
        "name": "achar",
        "quantity": 1,
        "warehousingPerItem": 0.8,
        "transportationPerItem": 1,
        "itemPackingPerItem": 5,
        "estimatedTotalPerItem": 6.8,
        "lineTotal": 6.8
      }
    ],
    "merchantId": "merchant-1748053992096",
    "totalPackingFee": 9.8,
    "totalWeightKg": 0.4,
    "trackingFee": 3,
    "updatedAt": "2025-11-30T06:26:59.144Z"
  },
  {
    "_id": "692be6a5cf30498698896173",
    "orderId": "ord-1764483342898",
    "__v": 0,
    "boxCutting": true,
    "boxFee": 50,
    "items": [
      {
        "productId": "1748054128339",
        "name": "achar",
        "quantity": 1,
        "warehousingPerItem": 0.8,
        "transportationPerItem": 1,
        "itemPackingPerItem": 5,
        "estimatedTotalPerItem": 6.8,
        "lineTotal": 6.8,
        "_id": "692bf3b6ca0062c8fedea177"
      }
    ],
    "merchantId": "merchant-1748053992096",
    "totalPackingFee": 61.8,
    "totalWeightKg": 0.4,
    "trackingFee": 3,
    "updatedAt": "2025-11-30T07:35:18.300Z"
  },
  {
    "_id": "692beec8cf304986988961bc",
    "orderId": "ord-1764484940239",
    "__v": 0,
    "boxCutting": true,
    "boxFee": 100,
    "items": [
      {
        "productId": "1748054128339",
        "name": "achar",
        "quantity": 1,
        "warehousingPerItem": 0.8,
        "transportationPerItem": 1,
        "itemPackingPerItem": 5,
        "estimatedTotalPerItem": 6.8,
        "lineTotal": 6.8,
        "_id": "692beececa0062c8fedea006"
      }
    ],
    "merchantId": "merchant-1748053992096",
    "totalPackingFee": 111.8,
    "totalWeightKg": 0.4,
    "trackingFee": 3,
    "updatedAt": "2025-11-30T07:14:22.326Z"
  },
  {
    "_id": "692bf840cf304986988961bd",
    "orderId": "ord-1764489237698",
    "__v": 0,
    "boxCutting": true,
    "boxFee": 100,
    "items": [
      {
        "productId": "1764304639551",
        "name": "pads",
        "quantity": 12,
        "warehousingPerItem": 0.6,
        "transportationPerItem": 1,
        "itemPackingPerItem": 5,
        "estimatedTotalPerItem": 6.6,
        "lineTotal": 79.2,
        "_id": "692c04cbca53388819dcb8d0"
      },
      {
        "productId": "1764489049792",
        "name": "kit",
        "quantity": 1,
        "warehousingPerItem": 2,
        "transportationPerItem": 2,
        "itemPackingPerItem": 2,
        "estimatedTotalPerItem": 6,
        "lineTotal": 6,
        "_id": "692c04cbca53388819dcb8d1"
      }
    ],
    "merchantId": "merchant-1764304516917",
    "totalPackingFee": 190.2,
    "totalWeightKg": 15.227,
    "trackingFee": 3,
    "updatedAt": "2025-11-30T08:48:11.111Z"
  },
  {
    "_id": "692c0ba0cf304986988961d2",
    "orderId": "ord-1764494209893",
    "__v": 0,
    "boxCutting": true,
    "boxFee": 20,
    "items": [
      {
        "productId": "1748054128339",
        "name": "achar",
        "quantity": 1,
        "warehousingPerItem": 0.8,
        "transportationPerItem": 1,
        "itemPackingPerItem": 5,
        "estimatedTotalPerItem": 6.8,
        "lineTotal": 6.8,
        "_id": "692c1ece427aabc3fb98faf4"
      }
    ],
    "merchantId": "merchant-1748053992096",
    "totalPackingFee": 31.8,
    "totalWeightKg": 0.4,
    "trackingFee": 3,
    "updatedAt": "2025-11-30T10:39:10.252Z"
  }
]