[
  {
    "_id": "683080bb9ea983dfcd41a23e",
    "id": "1748054128339",
    "name": "achar",
    "sku": "L15",
    "category": "food",
    "merchantId": "merchant-1748053992096",
    "weightKg": 0.4,
    "lengthCm": 10,
    "breadthCm": 10,
    "heightCm": 20,
    "packingType": "eco friendly fragile packing",
    "price": 500,
    "cost": 300,
    "__v": 0,
    "itemPackingFee": 5,
    "transportationFee": 1,
    "warehousingRatePerKg": 2
  },
  {
    "_id": "692926ffd58b5da32031ec0f",
    "id": "1764304639551",
    "name": "pads",
    "sku": "",
    "category": "sanitary",
    "merchantId": "merchant-1764304516917",
    "weightKg": 0.2,
    "lengthCm": 20,
    "breadthCm": 9.88,
    "heightCm": 30,
    "packingType": "normal packing",
    "price": 300,
    "cost": 200,
    "__v": 0,
    "itemPackingFee": 5,
    "transportationFee": 1,
    "warehousingRatePerKg": 3
  },
  {
    "_id": "692bf759ca53388819dcb660",
    "id": "1764489049792",
    "name": "kit",
    "sku": "",
    "category": "sanitary",
    "merchantId": "merchant-1764304516917",
    "weightKg": 1,
    "lengthCm": 5,
    "breadthCm": 5.84,
    "heightCm": 7,
    "transportationFee": 2,
    "itemPackingFee": 2,
    "warehousingRatePerKg": 2,
    "price": 987,
    "cost": 789,
    "__v": 0
  }
]