[
  {
    "_id": "6918148432cdf1c91f857110",
    "merchantId": "merchant-1748053992096",
    "__v": 0,
    "template": "<!doctype html>\n<html>\n<head>\n  <meta charset=\"utf-8\"/>\n  <meta name=\"viewport\" content=\"width=device-width,initial-scale=1\"/>\n  <title>Shipping Label</title>\n  <style>\n    :root { --pad:8px; --font:14px; --muted:#666; --accent:#0b6efd; }\n    body { font-family: -apple-system, BlinkMacSystemFont, \"Segoe UI\", Roboto, \"Helvetica Neue\", Arial; margin:0; padding:10px; color:#111; font-size:var(--font); background:white; }\n    .label { width: 100%; max-width:420px; border:1px solid #e5e7eb; padding:12px; box-sizing:border-box; }\n    .header { display:flex; justify-content:space-between; align-items:flex-start; gap:8px; }\n    .shop { font-weight:700; font-size:16px; color:var(--accent); }\n    .meta { text-align:right; font-size:12px; color:var(--muted); }\n    .section { margin-top:10px; }\n    .section .title { font-weight:600; margin-bottom:6px; }\n    .address { border:1px dashed #e6e6e6; padding:8px; border-radius:4px; background:#fafafa; }\n    table.items { width:100%; border-collapse:collapse; margin-top:6px; font-size:13px; }\n    table.items th, table.items td { padding:6px 4px; border-bottom:1px solid #f0f0f0; text-align:left; }\n    table.items th { font-weight:600; font-size:12px; color:#333; }\n    .right { text-align:right; }\n    .totals { margin-top:8px; display:flex; justify-content:flex-end; gap:10px; font-weight:700; }\n    .barcode { margin-top:8px; padding:6px; border:1px solid #ddd; text-align:center; font-weight:700; letter-spacing:2px; background:#fff; }\n    .small { font-size:11px; color:var(--muted); }\n    @media print {\n      body { margin:0; }\n      .label { border: none; box-shadow: none; max-width:100%; }\n    }\n  </style>\n</head>\n<body>\n  <div class=\"label\">\n    <div class=\"header\">\n      <div>\n        <div class=\"shop\">{{ shop.name }}</div>\n        <div class=\"small\">{{ shop.address || '' }}</div>\n        <div class=\"small\">{{ shop.phone || '' }}</div>\n      </div>\n      <div class=\"meta\">\n        <div>Order: <strong>{{ order.name }}</strong></div>\n        <div>Date: <span>{{ order.created_at }}</span></div>\n        <div class=\"small\">Courier: {{ deliveryPartner || '' }}</div>\n      </div>\n    </div>\n\n    <div class=\"section\">\n      <div class=\"title\">Ship To</div>\n      <div class=\"address\">\n        <div><strong>{{ shipping_address.name }}</strong></div>\n        <div>{{ shipping_address.address1 }}</div>\n        <div>{{ shipping_address.address2 }}</div>\n        <div>{{ shipping_address.city }}{{ shipping_address.province ? ', ' + shipping_address.province : '' }}{{ shipping_address.zip ? ' - ' + shipping_address.zip : '' }}</div>\n        <div class=\"small\">Phone: {{ shipping_address.phone }}</div>\n      </div>\n    </div>\n\n    <div class=\"section\">\n      <div class=\"title\">Items</div>\n      <table class=\"items\">\n        <thead>\n          <tr>\n            <th>Item</th>\n            <th class=\"right\">Qty</th>\n            <th class=\"right\">Price</th>\n          </tr>\n        </thead>\n        <tbody>\n          {% for item in items %}\n          <tr>\n            <td>{{ item.title || item.name || item.product }}</td>\n            <td class=\"right\">{{ item.quantity || 1 }}</td>\n            <td class=\"right\">₹{{ (item.price !== undefined ? item.price : (item.total || 0)).toFixed ? (item.price || 0).toFixed(2) : (item.price || item.total || 0) }}</td>\n          </tr>\n          {% endfor %}\n        </tbody>\n      </table>\n    </div>\n\n    <div class=\"section small\">\n      <div>Notes: {{ order.notes || '' }}</div>\n    </div>\n\n    <div class=\"section totals\">\n      <div>Total: ₹{{ order.total_amount || order.total || '' }}</div>\n    </div>\n\n    <div class=\"barcode\">{{ order.name }}</div>\n    <div class=\"small\" style=\"margin-top:6px; text-align:center;\">Handle with care. Contact shop for queries.</div>\n  </div>\n</body>\n</html>",
    "updatedAt": "2025-11-30T09:45:29.493Z"
  },
  {
    "_id": "69292cbacf30498698895eae",
    "merchantId": "merchant-1764304516917",
    "__v": 0,
    "template": "<div>\n  <strong>Order ID:</strong> {{ order.name }}<br>\n  <strong>Order Date:</strong> {{ order.created_at | date: \"%d-%m-%Y\" }}<br>\n\n  <strong>Customer Name:</strong> {{ shipping_address.name }}<br>\n  <strong>Address:</strong> {{ shipping_address.address1 }} {{ shipping_address.address2 }}<br>\n<strong>City:</strong> {{ shipping_address.city }}<br>\n<strong>State:</strong> {{ shipping_address.province }}<br>\n<strong>PIN:</strong> {{ shipping_address.zip }}<br>\n  <strong>Phone:</strong> {{ shipping_address.phone }}<br>\n\n  <strong>Courier Partner:</strong>\n  {% if fulfillment.shipping_method.name %}\n     {{ fulfillment.shipping_method.name }}\n  {% else %}\n     Not Assigned\n  {% endif %}\n  <br>\n</div>\n\n",
    "updatedAt": "2025-11-28T06:19:58.224Z"
  }
]