[
  {
    "_id": "6885dc157a966e50787d52f0",
    "id": "txn-1753603093936",
    "merchantId": "merchant-1748053992096",
    "productId": null,
    "type": "inbound_fee",
    "quantity": 1,
    "notes": "Inbound fee for shipment inb-1753603083313",
    "amount": 130,
    "date": "2025-07-27",
    "__v": 0
  },
  {
    "_id": "6885de537a966e50787d5357",
    "id": "txn-1753603667547",
    "merchantId": "merchant-1748053992096",
    "productId": null,
    "type": "inbound_fee",
    "quantity": 1,
    "notes": "Inbound fee for shipment inb-1753603652151",
    "amount": 20,
    "date": "2025-07-27",
    "__v": 0
  },
  {
    "_id": "6885df2ca0c2955f6f4396d7",
    "id": "txn-1753603884773",
    "merchantId": "merchant-1748053992096",
    "productId": null,
    "type": "inbound_fee",
    "quantity": 1,
    "inboundId": "inb-1753603867316",
    "notes": "Inbound fee for shipment inb-1753603867316",
    "amount": 50,
    "date": "2025-07-27",
    "__v": 0
  },
  {
    "_id": "6885e152a0c2955f6f439747",
    "id": "txn-1753604434399",
    "merchantId": "merchant-1748053992096",
    "productId": null,
    "type": "inbound_fee",
    "quantity": 1,
    "inboundId": "inb-1753604415670",
    "notes": "Inbound fee for shipment inb-1753604415670",
    "amount": 60,
    "date": "2025-07-27",
    "__v": 0
  },
  {
    "_id": "6885e270b0c750c923e63af3",
    "id": "txn-1753604720350",
    "merchantId": "merchant-1748053992096",
    "productId": null,
    "type": "inbound_fee",
    "quantity": 1,
    "inboundId": "inb-1753604706487",
    "notes": "Inbound fee for shipment inb-1753604706487",
    "amount": 60,
    "date": "2025-07-27",
    "__v": 0
  },
  {
    "_id": "6885e62eb0c750c923e63b75",
    "id": "txn-1753605678532",
    "merchantId": "merchant-1748053992096",
    "productId": null,
    "type": "outbound_fee",
    "quantity": 1,
    "inboundId": "inb-1753605661249",
    "notes": "Outbound fee for shipment inb-1753605661249",
    "amount": 75,
    "date": "2025-07-27",
    "__v": 0
  },
  {
    "_id": "690c1b0477955708aadde81d",
    "id": "txn-1762401031525",
    "merchantId": "merchant-1748053992096",
    "orderId": "ord-1762400524568",
    "productId": null,
    "type": "dispatch_fee",
    "quantity": 0,
    "notes": "Packing & Dispatch fee for order ord-1762400524568",
    "amount": 0,
    "date": "2025-11-06",
    "__v": 0
  },
  {
    "_id": "690c2ff8777ca362fb3005df",
    "id": "txn-1762406396369",
    "merchantId": "merchant-1748053992096",
    "orderId": "ord-1762406308455",
    "productId": null,
    "type": "dispatch_fee",
    "quantity": 10,
    "notes": "Packing & Dispatch fee for order ord-1762406308455",
    "amount": 120,
    "date": "2025-11-06",
    "__v": 0
  },
  {
    "_id": "690c2ff9777ca362fb3005ed",
    "id": "txn-1762406397137",
    "merchantId": "merchant-1748053992096",
    "orderId": "ord-1762406308455",
    "productId": null,
    "type": "dispatch_fee",
    "quantity": 10,
    "notes": "Packing & Dispatch fee for order ord-1762406308455",
    "amount": 120,
    "date": "2025-11-06",
    "__v": 0
  },
  {
    "_id": "690c3070777ca362fb3006a5",
    "id": "txn-1762406516015",
    "merchantId": "merchant-1748053992096",
    "orderId": "ord-1762406491839",
    "productId": null,
    "type": "dispatch_fee",
    "quantity": 1,
    "notes": "Packing & Dispatch fee for order ord-1762406491839",
    "amount": 12,
    "date": "2025-11-06",
    "__v": 0
  },
  {
    "_id": "690c3098777ca362fb300715",
    "id": "txn-1762406556188",
    "merchantId": "merchant-1748053992096",
    "orderId": "ord-1748202715359",
    "productId": null,
    "type": "dispatch_fee",
    "quantity": 10,
    "notes": "Packing & Dispatch fee for order ord-1748202715359",
    "amount": 120,
    "date": "2025-11-06",
    "__v": 0
  },
  {
    "_id": "690c30d3777ca362fb300781",
    "id": "txn-1762406614627",
    "merchantId": "merchant-1748053992096",
    "orderId": "ord-1748202969095",
    "productId": null,
    "type": "dispatch_fee",
    "quantity": 0,
    "notes": "Packing & Dispatch fee for order ord-1748202969095",
    "amount": 0,
    "date": "2025-11-06",
    "__v": 0
  },
  {
    "_id": "691850dfb6b026a38c38b9a2",
    "id": "txn-1763201247694",
    "merchantId": "merchant-1748053992096",
    "orderId": "ord-1763201056472",
    "productId": null,
    "type": "dispatch_fee",
    "quantity": 1,
    "notes": "Packing & Dispatch fee for order ord-1763201056472",
    "amount": 12,
    "date": "2025-11-15",
    "__v": 0
  },
  {
    "_id": "69292762e210957597591297",
    "id": "txn-1764304744197",
    "merchantId": "merchant-1764304516917",
    "productId": null,
    "type": "inbound_fee",
    "quantity": 1,
    "notes": "Inbound fee for shipment inb-1764304683180",
    "amount": 11860,
    "date": "2025-11-28",
    "__v": 0
  },
  {
    "_id": "6929457eced9057369723a43",
    "id": "txn-1764312446358",
    "merchantId": "merchant-1748053992096",
    "orderId": "ord-1763188280785",
    "productId": null,
    "type": "dispatch_fee",
    "quantity": 1,
    "notes": "Packing & Dispatch fee for order ord-1763188280785",
    "amount": 12,
    "date": "2025-11-28",
    "__v": 0
  },
  {
    "_id": "6929458cced9057369723aaa",
    "id": "txn-1764312460167",
    "merchantId": "merchant-1748053992096",
    "orderId": "ord-1762504740808",
    "productId": null,
    "type": "dispatch_fee",
    "quantity": 1,
    "notes": "Packing & Dispatch fee for order ord-1762504740808",
    "amount": 12,
    "date": "2025-11-28",
    "__v": 0
  },
  {
    "_id": "6929463eced9057369723b12",
    "id": "txn-1764312638129",
    "merchantId": "merchant-1748053992096",
    "orderId": "ord-1762424405332",
    "productId": null,
    "type": "dispatch_fee",
    "quantity": 1,
    "notes": "Packing & Dispatch fee for order ord-1762424405332",
    "amount": 12,
    "date": "2025-11-28",
    "__v": 0
  },
  {
    "_id": "6929535b61d3dab10eebb285",
    "id": "txn-1764315995015",
    "merchantId": "merchant-1748053992096",
    "orderId": "ord-1763201056472",
    "productId": null,
    "type": "dispatch_fee",
    "quantity": 1,
    "notes": "Packing & Dispatch fee for order ord-1763201056472",
    "amount": 12,
    "date": "2025-11-28",
    "__v": 0
  },
  {
    "_id": "692954af61d3dab10eebb2ec",
    "id": "txn-1764316335807",
    "merchantId": "merchant-1764304516917",
    "orderId": "ord-1764304917963",
    "productId": null,
    "type": "dispatch_fee",
    "quantity": 1,
    "notes": "Packing & Dispatch fee for order ord-1764304917963",
    "amount": 11,
    "date": "2025-11-28",
    "__v": 0
  },
  {
    "_id": "6929557661d3dab10eebb350",
    "id": "txn-1764316534806",
    "merchantId": "merchant-1748053992096",
    "orderId": "ord-1763201056472",
    "productId": null,
    "type": "dispatch_fee",
    "quantity": 1,
    "notes": "Packing & Dispatch fee for order ord-1763201056472",
    "amount": 12,
    "date": "2025-11-28",
    "__v": 0
  },
  {
    "_id": "69296e3861d3dab10eebb837",
    "id": "txn-1764322872128",
    "merchantId": "merchant-1764304516917",
    "orderId": "ord-1764319045279",
    "productId": null,
    "type": "dispatch_fee",
    "quantity": 1,
    "notes": "Packing & Dispatch fee for order ord-1764319045279",
    "amount": 11,
    "date": "2025-11-28",
    "__v": 0
  },
  {
    "_id": "692981a9c4133131bdbd294c",
    "id": "txn-1764327849695",
    "merchantId": "merchant-1764304516917",
    "orderId": "ord-1764319045279",
    "productId": null,
    "type": "dispatch_fee",
    "quantity": 1,
    "notes": "Packing & Dispatch fee for order ord-1764319045279",
    "amount": 11,
    "date": "2025-11-28",
    "__v": 0
  },
  {
    "_id": "692aaf4dc4133131bdbd2aaa",
    "id": "txn-1764405069309",
    "merchantId": "merchant-1764304516917",
    "orderId": "ord-1764319045279",
    "productId": null,
    "type": "dispatch_fee",
    "quantity": 1,
    "notes": "Packing & Dispatch fee for order ord-1764319045279",
    "amount": 11,
    "date": "2025-11-29",
    "__v": 0
  },
  {
    "_id": "692aaf50c4133131bdbd2b14",
    "id": "txn-1764405072282",
    "merchantId": "merchant-1764304516917",
    "orderId": "ord-1764304917963",
    "productId": null,
    "type": "dispatch_fee",
    "quantity": 1,
    "notes": "Packing & Dispatch fee for order ord-1764304917963",
    "amount": 11,
    "date": "2025-11-29",
    "__v": 0
  },
  {
    "_id": "692aaf52c4133131bdbd2b7b",
    "id": "txn-1764405074454",
    "merchantId": "merchant-1748053992096",
    "orderId": "ord-1763201056472",
    "productId": null,
    "type": "dispatch_fee",
    "quantity": 1,
    "notes": "Packing & Dispatch fee for order ord-1763201056472",
    "amount": 12,
    "date": "2025-11-29",
    "__v": 0
  },
  {
    "_id": "692aaf54c4133131bdbd2be5",
    "id": "txn-1764405076661",
    "merchantId": "merchant-1748053992096",
    "orderId": "ord-1763188280785",
    "productId": null,
    "type": "dispatch_fee",
    "quantity": 1,
    "notes": "Packing & Dispatch fee for order ord-1763188280785",
    "amount": 12,
    "date": "2025-11-29",
    "__v": 0
  },
  {
    "_id": "692ab2a8c4133131bdbd2cd6",
    "id": "txn-1764405928196",
    "merchantId": "merchant-1764304516917",
    "orderId": "ord-1764319045279",
    "productId": null,
    "type": "dispatch_fee",
    "quantity": 1,
    "notes": "Packing & Dispatch fee for order ord-1764319045279",
    "amount": 11,
    "date": "2025-11-29",
    "__v": 0
  },
  {
    "_id": "692ab3a4c4133131bdbd2e35",
    "id": "txn-1764406180432",
    "merchantId": "merchant-1748053992096",
    "orderId": "ord-1764406115772",
    "productId": null,
    "type": "dispatch_fee",
    "quantity": 1,
    "notes": "Packing & Dispatch fee for order ord-1764406115772",
    "amount": 12,
    "date": "2025-11-29",
    "__v": 0
  },
  {
    "_id": "692ab4f30bd12839bfb7afa0",
    "id": "txn-1764406515602",
    "merchantId": "merchant-1748053992096",
    "orderId": "ord-1764406115772",
    "productId": null,
    "type": "dispatch_fee",
    "quantity": 1,
    "notes": "Packing & Dispatch fee for order ord-1764406115772",
    "amount": 12,
    "date": "2025-11-29",
    "__v": 0
  },
  {
    "_id": "692ab6940bd12839bfb7b199",
    "id": "txn-1764406932970",
    "merchantId": "merchant-1748053992096",
    "orderId": "ord-1764406115772",
    "productId": null,
    "type": "dispatch_fee",
    "quantity": 1,
    "notes": "Packing & Dispatch fee for order ord-1764406115772",
    "amount": 12,
    "date": "2025-11-29",
    "__v": 0
  },
  {
    "_id": "692ab7f40bd12839bfb7b22c",
    "id": "txn-1764407284752",
    "merchantId": "merchant-1748053992096",
    "orderId": "ord-1764406115772",
    "productId": null,
    "type": "dispatch_fee",
    "quantity": 1,
    "notes": "Packing & Dispatch fee for order ord-1764406115772",
    "amount": 12,
    "date": "2025-11-29",
    "__v": 0
  },
  {
    "_id": "692ab8d70bd12839bfb7b298",
    "id": "txn-1764407511694",
    "merchantId": "merchant-1748053992096",
    "orderId": "ord-1764406115772",
    "productId": null,
    "type": "dispatch_fee",
    "quantity": 1,
    "notes": "Packing & Dispatch fee for order ord-1764406115772",
    "amount": 12,
    "date": "2025-11-29",
    "__v": 0
  },
  {
    "_id": "692aba580bd12839bfb7b42e",
    "id": "txn-1764407896157",
    "merchantId": "merchant-1748053992096",
    "orderId": "ord-1764406115772",
    "productId": null,
    "type": "dispatch_fee",
    "quantity": 1,
    "notes": "Packing & Dispatch fee for order ord-1764406115772",
    "amount": 12,
    "date": "2025-11-29",
    "__v": 0
  },
  {
    "_id": "692abbdb0bd12839bfb7b4dd",
    "id": "txn-1764408283578",
    "merchantId": "merchant-1748053992096",
    "orderId": "ord-1764406115772",
    "productId": null,
    "type": "dispatch_fee",
    "quantity": 1,
    "notes": "Packing & Dispatch fee for order ord-1764406115772",
    "amount": 12,
    "date": "2025-11-29",
    "__v": 0
  },
  {
    "_id": "692abc0e0bd12839bfb7b58c",
    "id": "txn-1764408334854",
    "merchantId": "merchant-1748053992096",
    "orderId": "ord-1764406115772",
    "productId": null,
    "type": "dispatch_fee",
    "quantity": 1,
    "notes": "Packing & Dispatch fee for order ord-1764406115772",
    "amount": 12,
    "date": "2025-11-29",
    "__v": 0
  },
  {
    "_id": "692abd840bd12839bfb7b63e",
    "id": "txn-1764408708909",
    "merchantId": "merchant-1748053992096",
    "orderId": "ord-1764406115772",
    "productId": null,
    "type": "dispatch_fee",
    "quantity": 1,
    "notes": "Packing & Dispatch fee for order ord-1764406115772",
    "amount": 12,
    "date": "2025-11-29",
    "__v": 0
  },
  {
    "_id": "692abe590bd12839bfb7b6cc",
    "id": "txn-1764408921680",
    "merchantId": "merchant-1748053992096",
    "orderId": "ord-1764406115772",
    "productId": null,
    "type": "dispatch_fee",
    "quantity": 1,
    "notes": "Packing & Dispatch fee for order ord-1764406115772",
    "amount": 12,
    "date": "2025-11-29",
    "__v": 0
  },
  {
    "_id": "692abf0d0bd12839bfb7b77f",
    "id": "txn-1764409101274",
    "merchantId": "merchant-1748053992096",
    "orderId": "ord-1764406115772",
    "productId": null,
    "type": "dispatch_fee",
    "quantity": 1,
    "notes": "Packing & Dispatch fee for order ord-1764406115772",
    "amount": 12,
    "date": "2025-11-29",
    "__v": 0
  },
  {
    "_id": "692bf7e1ca53388819dcb6fb",
    "id": "txn-1764489185276",
    "merchantId": "merchant-1764304516917",
    "productId": null,
    "type": "inbound_fee",
    "quantity": 1,
    "notes": "Inbound fee for shipment inb-1764489171934",
    "amount": 10000,
    "date": "2025-11-30",
    "__v": 0
  }
]